"[[720575940625101360, 720575940638149865, 720575940623684366, 720575940613641794], [720575940625101360, 720575940638149865, 720575940611474138, 720575940613641794], [720575940625101360, 720575940638149865, 720575940611562675, 720575940613641794], [720575940625101360, 720575940638149865, 720575940631469610, 720575940613641794], [720575940625101360, 720575940638149865, 720575940631968343, 720575940613641794], [720575940625101360, 720575940617440395, 720575940631469610, 720575940613641794], [720575940625101360, 720575940617440395, 720575940615790658, 720575940613641794], [720575940625101360, 720575940617440395, 720575940624126537, 720575940613641794], [720575940625101360, 720575940624538599, 720575940620975040, 720575940613641794], [720575940625101360, 720575940624538599, 720575940617930200, 720575940613641794], [720575940625101360, 720575940630164992, 720575940625052942, 720575940613641794], [720575940625101360, 720575940630164992, 720575940631469610, 720575940613641794], [720575940625101360, 720575940630164992, 720575940615790658, 720575940613641794], [720575940625101360, 720575940630164992, 720575940611474138, 720575940613641794], [720575940625101360, 720575940630164992, 720575940624126537, 720575940613641794], [720575940625101360, 720575940613838289, 720575940631469610, 720575940613641794], [720575940625101360, 720575940613838289, 720575940615790658, 720575940613641794]]"
"[[720575940625101360, 720575940638149865, 720575940630356473, 720575940635960292], [720575940625101360, 720575940638149865, 720575940614730663, 720575940635960292], [720575940625101360, 720575940638149865, 720575940625356163, 720575940635960292], [720575940625101360, 720575940635179359, 720575940625847810, 720575940635960292], [720575940625101360, 720575940624538599, 720575940608909269, 720575940635960292], [720575940625101360, 720575940639152361, 720575940614730663, 720575940635960292], [720575940625101360, 720575940613838289, 720575940624052528, 720575940635960292], [720575940625101360, 720575940625809539, 720575940624052528, 720575940635960292]]"
"[[720575940625101360, 720575940638149865, 720575940623684366, 720575940625952002], [720575940625101360, 720575940638149865, 720575940611562675, 720575940625952002], [720575940625101360, 720575940638149865, 720575940621349620, 720575940625952002], [720575940625101360, 720575940638149865, 720575940631469610, 720575940625952002], [720575940625101360, 720575940638149865, 720575940631968343, 720575940625952002], [720575940625101360, 720575940617440395, 720575940631469610, 720575940625952002], [720575940625101360, 720575940617440395, 720575940624126537, 720575940625952002], [720575940625101360, 720575940624538599, 720575940620975040, 720575940625952002], [720575940625101360, 720575940630164992, 720575940631469610, 720575940625952002], [720575940625101360, 720575940630164992, 720575940624126537, 720575940625952002], [720575940625101360, 720575940613838289, 720575940631469610, 720575940625952002]]"
"[[720575940625101360, 720575940638149865, 720575940639268771, 720575940614190242], [720575940625101360, 720575940638149865, 720575940628785468, 720575940614190242], [720575940625101360, 720575940632985261, 720575940628785468, 720575940614190242], [720575940625101360, 720575940632985261, 720575940639268771, 720575940614190242], [720575940625101360, 720575940635179359, 720575940625460632, 720575940614190242], [720575940625101360, 720575940635179359, 720575940632516367, 720575940614190242], [720575940625101360, 720575940635179359, 720575940613118826, 720575940614190242], [720575940625101360, 720575940635179359, 720575940614643350, 720575940614190242], [720575940625101360, 720575940624538599, 720575940614643350, 720575940614190242]]"
"[[720575940625101360, 720575940635179359, 720575940643259277, 720575940630214564], [720575940625101360, 720575940635179359, 720575940625460632, 720575940630214564], [720575940625101360, 720575940635179359, 720575940632516367, 720575940630214564], [720575940625101360, 720575940635179359, 720575940613118826, 720575940630214564], [720575940625101360, 720575940624538599, 720575940633803676, 720575940630214564]]"
"[[720575940625101360, 720575940638149865, 720575940641627099, 720575940625597317], [720575940625101360, 720575940638149865, 720575940623684366, 720575940625597317], [720575940625101360, 720575940638149865, 720575940635034360, 720575940625597317], [720575940625101360, 720575940638149865, 720575940611474138, 720575940625597317], [720575940625101360, 720575940638149865, 720575940615289650, 720575940625597317], [720575940625101360, 720575940638149865, 720575940611562675, 720575940625597317], [720575940625101360, 720575940638149865, 720575940615085462, 720575940625597317], [720575940625101360, 720575940638149865, 720575940631469610, 720575940625597317], [720575940625101360, 720575940638149865, 720575940626592387, 720575940625597317], [720575940625101360, 720575940638149865, 720575940619669157, 720575940625597317], [720575940625101360, 720575940638149865, 720575940628481798, 720575940625597317], [720575940625101360, 720575940638149865, 720575940631968343, 720575940625597317], [720575940625101360, 720575940632985261, 720575940641627099, 720575940625597317], [720575940625101360, 720575940632985261, 720575940615085462, 720575940625597317], [720575940625101360, 720575940632985261, 720575940650006393, 720575940625597317], [720575940625101360, 720575940635179359, 720575940615393959, 720575940625597317], [720575940625101360, 720575940617440395, 720575940631469610, 720575940625597317], [720575940625101360, 720575940617440395, 720575940615790658, 720575940625597317], [720575940625101360, 720575940617440395, 720575940624126537, 720575940625597317], [720575940625101360, 720575940617440395, 720575940628481798, 720575940625597317], [720575940625101360, 720575940617440395, 720575940626592387, 720575940625597317], [720575940625101360, 720575940624538599, 720575940629123966, 720575940625597317], [720575940625101360, 720575940624538599, 720575940612255914, 720575940625597317], [720575940625101360, 720575940624538599, 720575940641627099, 720575940625597317], [720575940625101360, 720575940639152361, 720575940626592387, 720575940625597317], [720575940625101360, 720575940639152361, 720575940628481798, 720575940625597317], [720575940625101360, 720575940639152361, 720575940635034360, 720575940625597317], [720575940625101360, 720575940630164992, 720575940626592387, 720575940625597317], [720575940625101360, 720575940630164992, 720575940628481798, 720575940625597317], [720575940625101360, 720575940630164992, 720575940625052942, 720575940625597317], [720575940625101360, 720575940630164992, 720575940631469610, 720575940625597317], [720575940625101360, 720575940630164992, 720575940615790658, 720575940625597317], [720575940625101360, 720575940630164992, 720575940611474138, 720575940625597317], [720575940625101360, 720575940630164992, 720575940624126537, 720575940625597317], [720575940625101360, 720575940613838289, 720575940631469610, 720575940625597317], [720575940625101360, 720575940613838289, 720575940615790658, 720575940625597317], [720575940625101360, 720575940613838289, 720575940628481798, 720575940625597317], [720575940625101360, 720575940613838289, 720575940626592387, 720575940625597317]]"
"[[720575940625101360, 720575940635179359, 720575940619110347, 720575940629552170], [720575940625101360, 720575940635179359, 720575940625460632, 720575940629552170], [720575940625101360, 720575940635179359, 720575940632516367, 720575940629552170], [720575940625101360, 720575940635179359, 720575940613118826, 720575940629552170], [720575940625101360, 720575940635179359, 720575940618633782, 720575940629552170], [720575940625101360, 720575940624538599, 720575940633803676, 720575940629552170], [720575940625101360, 720575940609957315, 720575940622318599, 720575940629552170], [720575940625101360, 720575940609957315, 720575940607923721, 720575940629552170], [720575940625101360, 720575940624986407, 720575940607923721, 720575940629552170], [720575940625101360, 720575940624986407, 720575940622318599, 720575940629552170], [720575940625101360, 720575940618426021, 720575940622318599, 720575940629552170]]"
"[[720575940625101360, 720575940638149865, 720575940641627099, 720575940618772719], [720575940625101360, 720575940638149865, 720575940623684366, 720575940618772719], [720575940625101360, 720575940638149865, 720575940635034360, 720575940618772719], [720575940625101360, 720575940638149865, 720575940611474138, 720575940618772719], [720575940625101360, 720575940638149865, 720575940611562675, 720575940618772719], [720575940625101360, 720575940638149865, 720575940615085462, 720575940618772719], [720575940625101360, 720575940638149865, 720575940604364134, 720575940618772719], [720575940625101360, 720575940638149865, 720575940618756657, 720575940618772719], [720575940625101360, 720575940638149865, 720575940631469610, 720575940618772719], [720575940625101360, 720575940638149865, 720575940626592387, 720575940618772719], [720575940625101360, 720575940638149865, 720575940628481798, 720575940618772719], [720575940625101360, 720575940638149865, 720575940625466387, 720575940618772719], [720575940625101360, 720575940632985261, 720575940641627099, 720575940618772719], [720575940625101360, 720575940632985261, 720575940615085462, 720575940618772719], [720575940625101360, 720575940632985261, 720575940625466387, 720575940618772719], [720575940625101360, 720575940632985261, 720575940604364134, 720575940618772719], [720575940625101360, 720575940632985261, 720575940650006393, 720575940618772719], [720575940625101360, 720575940617440395, 720575940631469610, 720575940618772719], [720575940625101360, 720575940617440395, 720575940615790658, 720575940618772719], [720575940625101360, 720575940617440395, 720575940624126537, 720575940618772719], [720575940625101360, 720575940617440395, 720575940628481798, 720575940618772719], [720575940625101360, 720575940617440395, 720575940626592387, 720575940618772719], [720575940625101360, 720575940624538599, 720575940618608805, 720575940618772719], [720575940625101360, 720575940624538599, 720575940629123966, 720575940618772719], [720575940625101360, 720575940624538599, 720575940612255914, 720575940618772719], [720575940625101360, 720575940624538599, 720575940641627099, 720575940618772719], [720575940625101360, 720575940639152361, 720575940626592387, 720575940618772719], [720575940625101360, 720575940639152361, 720575940625466387, 720575940618772719], [720575940625101360, 720575940639152361, 720575940628481798, 720575940618772719], [720575940625101360, 720575940639152361, 720575940635034360, 720575940618772719], [720575940625101360, 720575940630164992, 720575940626592387, 720575940618772719], [720575940625101360, 720575940630164992, 720575940628481798, 720575940618772719], [720575940625101360, 720575940630164992, 720575940625052942, 720575940618772719], [720575940625101360, 720575940630164992, 720575940631469610, 720575940618772719], [720575940625101360, 720575940630164992, 720575940615790658, 720575940618772719], [720575940625101360, 720575940630164992, 720575940611474138, 720575940618772719], [720575940625101360, 720575940630164992, 720575940624126537, 720575940618772719], [720575940625101360, 720575940619644336, 720575940625466387, 720575940618772719], [720575940625101360, 720575940613838289, 720575940631469610, 720575940618772719], [720575940625101360, 720575940613838289, 720575940615790658, 720575940618772719], [720575940625101360, 720575940613838289, 720575940628481798, 720575940618772719], [720575940625101360, 720575940613838289, 720575940626592387, 720575940618772719]]"
"[[720575940625101360, 720575940638149865, 720575940641627099, 720575940627027087], [720575940625101360, 720575940638149865, 720575940635034360, 720575940627027087], [720575940625101360, 720575940638149865, 720575940603903264, 720575940627027087], [720575940625101360, 720575940638149865, 720575940630131218, 720575940627027087], [720575940625101360, 720575940638149865, 720575940611474138, 720575940627027087], [720575940625101360, 720575940638149865, 720575940615289650, 720575940627027087], [720575940625101360, 720575940638149865, 720575940639625635, 720575940627027087], [720575940625101360, 720575940638149865, 720575940611562675, 720575940627027087], [720575940625101360, 720575940638149865, 720575940626608401, 720575940627027087], [720575940625101360, 720575940638149865, 720575940615085462, 720575940627027087], [720575940625101360, 720575940638149865, 720575940604364134, 720575940627027087], [720575940625101360, 720575940638149865, 720575940631469610, 720575940627027087], [720575940625101360, 720575940638149865, 720575940626592387, 720575940627027087], [720575940625101360, 720575940638149865, 720575940619623083, 720575940627027087], [720575940625101360, 720575940638149865, 720575940619669157, 720575940627027087], [720575940625101360, 720575940638149865, 720575940628481798, 720575940627027087], [720575940625101360, 720575940638149865, 720575940635587576, 720575940627027087], [720575940625101360, 720575940632985261, 720575940641627099, 720575940627027087], [720575940625101360, 720575940632985261, 720575940603903264, 720575940627027087], [720575940625101360, 720575940632985261, 720575940615085462, 720575940627027087], [720575940625101360, 720575940632985261, 720575940604364134, 720575940627027087], [720575940625101360, 720575940632985261, 720575940650006393, 720575940627027087], [720575940625101360, 720575940635179359, 720575940615393959, 720575940627027087], [720575940625101360, 720575940617440395, 720575940631469610, 720575940627027087], [720575940625101360, 720575940617440395, 720575940615790658, 720575940627027087], [720575940625101360, 720575940617440395, 720575940624126537, 720575940627027087], [720575940625101360, 720575940617440395, 720575940628481798, 720575940627027087], [720575940625101360, 720575940617440395, 720575940626592387, 720575940627027087], [720575940625101360, 720575940617440395, 720575940635587576, 720575940627027087], [720575940625101360, 720575940624538599, 720575940618608805, 720575940627027087], [720575940625101360, 720575940624538599, 720575940621568269, 720575940627027087], [720575940625101360, 720575940624538599, 720575940616077173, 720575940627027087], [720575940625101360, 720575940624538599, 720575940629123966, 720575940627027087], [720575940625101360, 720575940624538599, 720575940612255914, 720575940627027087], [720575940625101360, 720575940624538599, 720575940641627099, 720575940627027087], [720575940625101360, 720575940621241072, 720575940630131218, 720575940627027087], [720575940625101360, 720575940639152361, 720575940626592387, 720575940627027087], [720575940625101360, 720575940639152361, 720575940635587576, 720575940627027087], [720575940625101360, 720575940639152361, 720575940628481798, 720575940627027087], [720575940625101360, 720575940639152361, 720575940635034360, 720575940627027087], [720575940625101360, 720575940630164992, 720575940626592387, 720575940627027087], [720575940625101360, 720575940630164992, 720575940628481798, 720575940627027087], [720575940625101360, 720575940630164992, 720575940631469610, 720575940627027087], [720575940625101360, 720575940630164992, 720575940615790658, 720575940627027087], [720575940625101360, 720575940630164992, 720575940611474138, 720575940627027087], [720575940625101360, 720575940630164992, 720575940624126537, 720575940627027087], [720575940625101360, 720575940613838289, 720575940631469610, 720575940627027087], [720575940625101360, 720575940613838289, 720575940615790658, 720575940627027087], [720575940625101360, 720575940613838289, 720575940628481798, 720575940627027087], [720575940625101360, 720575940613838289, 720575940626592387, 720575940627027087], [720575940625101360, 720575940625809539, 720575940630131218, 720575940627027087], [720575940625101360, 720575940625809539, 720575940635587576, 720575940627027087]]"
"[[720575940625101360, 720575940635179359, 720575940618151128, 720575940606919602], [720575940625101360, 720575940624538599, 720575940620975040, 720575940606919602]]"
"[[720575940625101360, 720575940638149865, 720575940641627099, 720575940620833974], [720575940625101360, 720575940638149865, 720575940623684366, 720575940620833974], [720575940625101360, 720575940638149865, 720575940635034360, 720575940620833974], [720575940625101360, 720575940638149865, 720575940620833535, 720575940620833974], [720575940625101360, 720575940638149865, 720575940611474138, 720575940620833974], [720575940625101360, 720575940638149865, 720575940611562675, 720575940620833974], [720575940625101360, 720575940638149865, 720575940626608401, 720575940620833974], [720575940625101360, 720575940638149865, 720575940615085462, 720575940620833974], [720575940625101360, 720575940638149865, 720575940604364134, 720575940620833974], [720575940625101360, 720575940638149865, 720575940631469610, 720575940620833974], [720575940625101360, 720575940638149865, 720575940626592387, 720575940620833974], [720575940625101360, 720575940638149865, 720575940619623083, 720575940620833974], [720575940625101360, 720575940638149865, 720575940619669157, 720575940620833974], [720575940625101360, 720575940638149865, 720575940628481798, 720575940620833974], [720575940625101360, 720575940638149865, 720575940625466387, 720575940620833974], [720575940625101360, 720575940638149865, 720575940622485981, 720575940620833974], [720575940625101360, 720575940638149865, 720575940631968343, 720575940620833974], [720575940625101360, 720575940632985261, 720575940641627099, 720575940620833974], [720575940625101360, 720575940632985261, 720575940615085462, 720575940620833974], [720575940625101360, 720575940632985261, 720575940625466387, 720575940620833974], [720575940625101360, 720575940632985261, 720575940604364134, 720575940620833974], [720575940625101360, 720575940632985261, 720575940650006393, 720575940620833974], [720575940625101360, 720575940635179359, 720575940615393959, 720575940620833974], [720575940625101360, 720575940617440395, 720575940631469610, 720575940620833974], [720575940625101360, 720575940617440395, 720575940615790658, 720575940620833974], [720575940625101360, 720575940617440395, 720575940624126537, 720575940620833974], [720575940625101360, 720575940617440395, 720575940628481798, 720575940620833974], [720575940625101360, 720575940617440395, 720575940626592387, 720575940620833974], [720575940625101360, 720575940624538599, 720575940618608805, 720575940620833974], [720575940625101360, 720575940624538599, 720575940621568269, 720575940620833974], [720575940625101360, 720575940624538599, 720575940616077173, 720575940620833974], [720575940625101360, 720575940624538599, 720575940629123966, 720575940620833974], [720575940625101360, 720575940624538599, 720575940612255914, 720575940620833974], [720575940625101360, 720575940624538599, 720575940641627099, 720575940620833974], [720575940625101360, 720575940624538599, 720575940634539700, 720575940620833974], [720575940625101360, 720575940639152361, 720575940626592387, 720575940620833974], [720575940625101360, 720575940639152361, 720575940625466387, 720575940620833974], [720575940625101360, 720575940639152361, 720575940628481798, 720575940620833974], [720575940625101360, 720575940639152361, 720575940635034360, 720575940620833974], [720575940625101360, 720575940630164992, 720575940626592387, 720575940620833974], [720575940625101360, 720575940630164992, 720575940628481798, 720575940620833974], [720575940625101360, 720575940630164992, 720575940625052942, 720575940620833974], [720575940625101360, 720575940630164992, 720575940622485981, 720575940620833974], [720575940625101360, 720575940630164992, 720575940631469610, 720575940620833974], [720575940625101360, 720575940630164992, 720575940615790658, 720575940620833974], [720575940625101360, 720575940630164992, 720575940634539700, 720575940620833974], [720575940625101360, 720575940630164992, 720575940611474138, 720575940620833974], [720575940625101360, 720575940630164992, 720575940624126537, 720575940620833974], [720575940625101360, 720575940619644336, 720575940625466387, 720575940620833974], [720575940625101360, 720575940613838289, 720575940631469610, 720575940620833974], [720575940625101360, 720575940613838289, 720575940615790658, 720575940620833974], [720575940625101360, 720575940613838289, 720575940628481798, 720575940620833974], [720575940625101360, 720575940613838289, 720575940626592387, 720575940620833974]]"
"[[720575940625101360, 720575940638149865, 720575940628785468, 720575940629394232], [720575940625101360, 720575940632985261, 720575940628785468, 720575940629394232], [720575940625101360, 720575940617440395, 720575940621618859, 720575940629394232], [720575940625101360, 720575940637464691, 720575940621618859, 720575940629394232]]"
"[[720575940625101360, 720575940638149865, 720575940628785468, 720575940650920569], [720575940625101360, 720575940632985261, 720575940628785468, 720575940650920569], [720575940625101360, 720575940635179359, 720575940632516367, 720575940650920569], [720575940625101360, 720575940635179359, 720575940613118826, 720575940650920569], [720575940625101360, 720575940609957315, 720575940630907434, 720575940650920569], [720575940625101360, 720575940624986407, 720575940630907434, 720575940650920569]]"
"[[720575940625101360, 720575940635179359, 720575940625460632, 720575940603930046], [720575940625101360, 720575940635179359, 720575940632516367, 720575940603930046], [720575940625101360, 720575940635179359, 720575940613118826, 720575940603930046], [720575940625101360, 720575940624538599, 720575940633803676, 720575940603930046]]"
"[[720575940635254117, 720575940639298237, 720575940622650582, 720575940613641794], [720575940635254117, 720575940627454730, 720575940622650582, 720575940613641794], [720575940635254117, 720575940624538599, 720575940620975040, 720575940613641794], [720575940635254117, 720575940624538599, 720575940617930200, 720575940613641794]]"
"[[720575940635254117, 720575940622318599, 720575940630521292, 720575940635960292], [720575940635254117, 720575940639298237, 720575940622650582, 720575940635960292], [720575940635254117, 720575940639298237, 720575940630521292, 720575940635960292], [720575940635254117, 720575940639298237, 720575940625847810, 720575940635960292], [720575940635254117, 720575940635179359, 720575940625847810, 720575940635960292], [720575940635254117, 720575940627454730, 720575940622650582, 720575940635960292], [720575940635254117, 720575940627454730, 720575940632607948, 720575940635960292], [720575940635254117, 720575940627454730, 720575940630521292, 720575940635960292], [720575940635254117, 720575940624538599, 720575940608909269, 720575940635960292]]"
"[[720575940635254117, 720575940639298237, 720575940622650582, 720575940625952002], [720575940635254117, 720575940627454730, 720575940622650582, 720575940625952002], [720575940635254117, 720575940624538599, 720575940620975040, 720575940625952002]]"
"[[720575940635254117, 720575940631982952, 720575940615541810, 720575940614190242], [720575940635254117, 720575940644473760, 720575940629584887, 720575940614190242], [720575940635254117, 720575940644473760, 720575940615541810, 720575940614190242], [720575940635254117, 720575940622318599, 720575940629552170, 720575940614190242], [720575940635254117, 720575940646521198, 720575940629584887, 720575940614190242], [720575940635254117, 720575940646521198, 720575940615541810, 720575940614190242], [720575940635254117, 720575940635179359, 720575940625460632, 720575940614190242], [720575940635254117, 720575940635179359, 720575940632516367, 720575940614190242], [720575940635254117, 720575940635179359, 720575940613118826, 720575940614190242], [720575940635254117, 720575940635179359, 720575940614643350, 720575940614190242], [720575940635254117, 720575940627490459, 720575940615541810, 720575940614190242], [720575940635254117, 720575940627454730, 720575940637317198, 720575940614190242], [720575940635254117, 720575940624538599, 720575940614643350, 720575940614190242]]"
"[[720575940635254117, 720575940631982952, 720575940622188568, 720575940630214564], [720575940635254117, 720575940631982952, 720575940615541810, 720575940630214564], [720575940635254117, 720575940631982952, 720575940627585874, 720575940630214564], [720575940635254117, 720575940644473760, 720575940629584887, 720575940630214564], [720575940635254117, 720575940644473760, 720575940627585874, 720575940630214564], [720575940635254117, 720575940644473760, 720575940615541810, 720575940630214564], [720575940635254117, 720575940622318599, 720575940637569139, 720575940630214564], [720575940635254117, 720575940622318599, 720575940629552170, 720575940630214564], [720575940635254117, 720575940622318599, 720575940615503249, 720575940630214564], [720575940635254117, 720575940622318599, 720575940623759248, 720575940630214564], [720575940635254117, 720575940622318599, 720575940636492358, 720575940630214564], [720575940635254117, 720575940622318599, 720575940622919655, 720575940630214564], [720575940635254117, 720575940639298237, 720575940613527618, 720575940630214564], [720575940635254117, 720575940639298237, 720575940633193543, 720575940630214564], [720575940635254117, 720575940639298237, 720575940619201403, 720575940630214564], [720575940635254117, 720575940646521198, 720575940642943176, 720575940630214564], [720575940635254117, 720575940646521198, 720575940629584887, 720575940630214564], [720575940635254117, 720575940646521198, 720575940615541810, 720575940630214564], [720575940635254117, 720575940646521198, 720575940622188568, 720575940630214564], [720575940635254117, 720575940646521198, 720575940627585874, 720575940630214564], [720575940635254117, 720575940635179359, 720575940643259277, 720575940630214564], [720575940635254117, 720575940635179359, 720575940625460632, 720575940630214564], [720575940635254117, 720575940635179359, 720575940632516367, 720575940630214564], [720575940635254117, 720575940635179359, 720575940613118826, 720575940630214564], [720575940635254117, 720575940627490459, 720575940615541810, 720575940630214564], [720575940635254117, 720575940627454730, 720575940637569139, 720575940630214564], [720575940635254117, 720575940627454730, 720575940615503249, 720575940630214564], [720575940635254117, 720575940627454730, 720575940633193543, 720575940630214564], [720575940635254117, 720575940627454730, 720575940643259277, 720575940630214564], [720575940635254117, 720575940627454730, 720575940620455616, 720575940630214564], [720575940635254117, 720575940627454730, 720575940637317198, 720575940630214564], [720575940635254117, 720575940627454730, 720575940634341587, 720575940630214564], [720575940635254117, 720575940627454730, 720575940622919655, 720575940630214564], [720575940635254117, 720575940627454730, 720575940642943176, 720575940630214564], [720575940635254117, 720575940627454730, 720575940613527618, 720575940630214564], [720575940635254117, 720575940627454730, 720575940623759248, 720575940630214564], [720575940635254117, 720575940624538599, 720575940633803676, 720575940630214564]]"
"[[720575940635254117, 720575940639298237, 720575940622650582, 720575940625597317], [720575940635254117, 720575940635179359, 720575940615393959, 720575940625597317], [720575940635254117, 720575940627454730, 720575940622650582, 720575940625597317], [720575940635254117, 720575940621875821, 720575940628481798, 720575940625597317], [720575940635254117, 720575940624538599, 720575940629123966, 720575940625597317], [720575940635254117, 720575940624538599, 720575940612255914, 720575940625597317], [720575940635254117, 720575940624538599, 720575940641627099, 720575940625597317]]"
"[[720575940635254117, 720575940631982952, 720575940622188568, 720575940629552170], [720575940635254117, 720575940631982952, 720575940615541810, 720575940629552170], [720575940635254117, 720575940631982952, 720575940631706107, 720575940629552170], [720575940635254117, 720575940644473760, 720575940629584887, 720575940629552170], [720575940635254117, 720575940644473760, 720575940631706107, 720575940629552170], [720575940635254117, 720575940644473760, 720575940615541810, 720575940629552170], [720575940635254117, 720575940622318599, 720575940629552170], [720575940635254117, 720575940622318599, 720575940646032931, 720575940629552170], [720575940635254117, 720575940622318599, 720575940607923721, 720575940629552170], [720575940635254117, 720575940622318599, 720575940623759248, 720575940629552170], [720575940635254117, 720575940622318599, 720575940628115756, 720575940629552170], [720575940635254117, 720575940622318599, 720575940604745346, 720575940629552170], [720575940635254117, 720575940622318599, 720575940636492358, 720575940629552170], [720575940635254117, 720575940622318599, 720575940622919655, 720575940629552170], [720575940635254117, 720575940639298237, 720575940631706107, 720575940629552170], [720575940635254117, 720575940639298237, 720575940613527618, 720575940629552170], [720575940635254117, 720575940639298237, 720575940619201403, 720575940629552170], [720575940635254117, 720575940646521198, 720575940642943176, 720575940629552170], [720575940635254117, 720575940646521198, 720575940629584887, 720575940629552170], [720575940635254117, 720575940646521198, 720575940631706107, 720575940629552170], [720575940635254117, 720575940646521198, 720575940622318599, 720575940629552170], [720575940635254117, 720575940646521198, 720575940615541810, 720575940629552170], [720575940635254117, 720575940646521198, 720575940622188568, 720575940629552170], [720575940635254117, 720575940646521198, 720575940627221416, 720575940629552170], [720575940635254117, 720575940612775130, 720575940622318599, 720575940629552170], [720575940635254117, 720575940616553300, 720575940622318599, 720575940629552170], [720575940635254117, 720575940647075619, 720575940631706107, 720575940629552170], [720575940635254117, 720575940635179359, 720575940619110347, 720575940629552170], [720575940635254117, 720575940635179359, 720575940625460632, 720575940629552170], [720575940635254117, 720575940635179359, 720575940632516367, 720575940629552170], [720575940635254117, 720575940635179359, 720575940613118826, 720575940629552170], [720575940635254117, 720575940635179359, 720575940618633782, 720575940629552170], [720575940635254117, 720575940627490459, 720575940622318599, 720575940629552170], [720575940635254117, 720575940627490459, 720575940615541810, 720575940629552170], [720575940635254117, 720575940627490459, 720575940631706107, 720575940629552170], [720575940635254117, 720575940630160384, 720575940622318599, 720575940629552170], [720575940635254117, 720575940624986407, 720575940607923721, 720575940629552170], [720575940635254117, 720575940624986407, 720575940622318599, 720575940629552170], [720575940635254117, 720575940627454730, 720575940629201731, 720575940629552170], [720575940635254117, 720575940627454730, 720575940622318599, 720575940629552170], [720575940635254117, 720575940627454730, 720575940628115756, 720575940629552170], [720575940635254117, 720575940627454730, 720575940627221416, 720575940629552170], [720575940635254117, 720575940627454730, 720575940637317198, 720575940629552170], [720575940635254117, 720575940627454730, 720575940646032931, 720575940629552170], [720575940635254117, 720575940627454730, 720575940634341587, 720575940629552170], [720575940635254117, 720575940627454730, 720575940607923721, 720575940629552170], [720575940635254117, 720575940627454730, 720575940622919655, 720575940629552170], [720575940635254117, 720575940627454730, 720575940604745346, 720575940629552170], [720575940635254117, 720575940627454730, 720575940642943176, 720575940629552170], [720575940635254117, 720575940627454730, 720575940613527618, 720575940629552170], [720575940635254117, 720575940627454730, 720575940623759248, 720575940629552170], [720575940635254117, 720575940618426021, 720575940622318599, 720575940629552170], [720575940635254117, 720575940625355920, 720575940611904296, 720575940629552170], [720575940635254117, 720575940621875821, 720575940622318599, 720575940629552170], [720575940635254117, 720575940621875821, 720575940631706107, 720575940629552170], [720575940635254117, 720575940624538599, 720575940633803676, 720575940629552170], [720575940635254117, 720575940609957315, 720575940622318599, 720575940629552170], [720575940635254117, 720575940609957315, 720575940607923721, 720575940629552170]]"
"[[720575940635254117, 720575940621875821, 720575940628481798, 720575940618772719], [720575940635254117, 720575940624538599, 720575940618608805, 720575940618772719], [720575940635254117, 720575940624538599, 720575940629123966, 720575940618772719], [720575940635254117, 720575940624538599, 720575940612255914, 720575940618772719], [720575940635254117, 720575940624538599, 720575940641627099, 720575940618772719]]"
"[[720575940635254117, 720575940635179359, 720575940615393959, 720575940627027087], [720575940635254117, 720575940621875821, 720575940635587576, 720575940627027087], [720575940635254117, 720575940621875821, 720575940628481798, 720575940627027087], [720575940635254117, 720575940624538599, 720575940618608805, 720575940627027087], [720575940635254117, 720575940624538599, 720575940621568269, 720575940627027087], [720575940635254117, 720575940624538599, 720575940616077173, 720575940627027087], [720575940635254117, 720575940624538599, 720575940629123966, 720575940627027087], [720575940635254117, 720575940624538599, 720575940612255914, 720575940627027087], [720575940635254117, 720575940624538599, 720575940641627099, 720575940627027087]]"
"[[720575940635254117, 720575940631982952, 720575940622188568, 720575940606919602], [720575940635254117, 720575940622318599, 720575940629552170, 720575940606919602], [720575940635254117, 720575940639298237, 720575940613527618, 720575940606919602], [720575940635254117, 720575940639298237, 720575940616783190, 720575940606919602], [720575940635254117, 720575940646521198, 720575940622188568, 720575940606919602], [720575940635254117, 720575940635179359, 720575940618151128, 720575940606919602], [720575940635254117, 720575940627454730, 720575940616783190, 720575940606919602], [720575940635254117, 720575940627454730, 720575940645739044, 720575940606919602], [720575940635254117, 720575940627454730, 720575940616738390, 720575940606919602], [720575940635254117, 720575940627454730, 720575940613527618, 720575940606919602], [720575940635254117, 720575940624538599, 720575940620975040, 720575940606919602]]"
"[[720575940635254117, 720575940635179359, 720575940615393959, 720575940620833974], [720575940635254117, 720575940621875821, 720575940628481798, 720575940620833974], [720575940635254117, 720575940624538599, 720575940618608805, 720575940620833974], [720575940635254117, 720575940624538599, 720575940621568269, 720575940620833974], [720575940635254117, 720575940624538599, 720575940616077173, 720575940620833974], [720575940635254117, 720575940624538599, 720575940629123966, 720575940620833974], [720575940635254117, 720575940624538599, 720575940612255914, 720575940620833974], [720575940635254117, 720575940624538599, 720575940641627099, 720575940620833974], [720575940635254117, 720575940624538599, 720575940634539700, 720575940620833974]]"
"[[720575940635254117, 720575940631982952, 720575940622188568, 720575940629394232], [720575940635254117, 720575940631982952, 720575940621618859, 720575940629394232], [720575940635254117, 720575940644473760, 720575940629584887, 720575940629394232], [720575940635254117, 720575940622318599, 720575940622919655, 720575940629394232], [720575940635254117, 720575940639298237, 720575940613527618, 720575940629394232], [720575940635254117, 720575940639298237, 720575940619201403, 720575940629394232], [720575940635254117, 720575940646521198, 720575940629584887, 720575940629394232], [720575940635254117, 720575940646521198, 720575940622188568, 720575940629394232], [720575940635254117, 720575940627454730, 720575940616738390, 720575940629394232], [720575940635254117, 720575940627454730, 720575940622919655, 720575940629394232], [720575940635254117, 720575940627454730, 720575940613527618, 720575940629394232], [720575940635254117, 720575940625355920, 720575940621618859, 720575940629394232], [720575940635254117, 720575940621875821, 720575940621618859, 720575940629394232]]"
"[[720575940635254117, 720575940631982952, 720575940622188568, 720575940650920569], [720575940635254117, 720575940631982952, 720575940615541810, 720575940650920569], [720575940635254117, 720575940631982952, 720575940627585874, 720575940650920569], [720575940635254117, 720575940644473760, 720575940629584887, 720575940650920569], [720575940635254117, 720575940644473760, 720575940627585874, 720575940650920569], [720575940635254117, 720575940644473760, 720575940615541810, 720575940650920569], [720575940635254117, 720575940622318599, 720575940615503249, 720575940650920569], [720575940635254117, 720575940622318599, 720575940623759248, 720575940650920569], [720575940635254117, 720575940622318599, 720575940636492358, 720575940650920569], [720575940635254117, 720575940622318599, 720575940622919655, 720575940650920569], [720575940635254117, 720575940639298237, 720575940613527618, 720575940650920569], [720575940635254117, 720575940639298237, 720575940619201403, 720575940650920569], [720575940635254117, 720575940639298237, 720575940627300627, 720575940650920569], [720575940635254117, 720575940646521198, 720575940642943176, 720575940650920569], [720575940635254117, 720575940646521198, 720575940629584887, 720575940650920569], [720575940635254117, 720575940646521198, 720575940615541810, 720575940650920569], [720575940635254117, 720575940646521198, 720575940622188568, 720575940650920569], [720575940635254117, 720575940646521198, 720575940627221416, 720575940650920569], [720575940635254117, 720575940646521198, 720575940627585874, 720575940650920569], [720575940635254117, 720575940635179359, 720575940632516367, 720575940650920569], [720575940635254117, 720575940635179359, 720575940613118826, 720575940650920569], [720575940635254117, 720575940627490459, 720575940615541810, 720575940650920569], [720575940635254117, 720575940624986407, 720575940630907434, 720575940650920569], [720575940635254117, 720575940627454730, 720575940627221416, 720575940650920569], [720575940635254117, 720575940627454730, 720575940630907434, 720575940650920569], [720575940635254117, 720575940627454730, 720575940615503249, 720575940650920569], [720575940635254117, 720575940627454730, 720575940637317198, 720575940650920569], [720575940635254117, 720575940627454730, 720575940634341587, 720575940650920569], [720575940635254117, 720575940627454730, 720575940622919655, 720575940650920569], [720575940635254117, 720575940627454730, 720575940627300627, 720575940650920569], [720575940635254117, 720575940627454730, 720575940642943176, 720575940650920569], [720575940635254117, 720575940627454730, 720575940613527618, 720575940650920569], [720575940635254117, 720575940627454730, 720575940623759248, 720575940650920569], [720575940635254117, 720575940609957315, 720575940630907434, 720575940650920569]]"
"[[720575940635254117, 720575940631982952, 720575940622188568, 720575940603930046], [720575940635254117, 720575940631982952, 720575940615541810, 720575940603930046], [720575940635254117, 720575940631982952, 720575940627585874, 720575940603930046], [720575940635254117, 720575940631982952, 720575940631706107, 720575940603930046], [720575940635254117, 720575940644473760, 720575940629584887, 720575940603930046], [720575940635254117, 720575940644473760, 720575940627585874, 720575940603930046], [720575940635254117, 720575940644473760, 720575940631706107, 720575940603930046], [720575940635254117, 720575940644473760, 720575940615541810, 720575940603930046], [720575940635254117, 720575940622318599, 720575940637569139, 720575940603930046], [720575940635254117, 720575940622318599, 720575940629552170, 720575940603930046], [720575940635254117, 720575940622318599, 720575940646032931, 720575940603930046], [720575940635254117, 720575940622318599, 720575940615503249, 720575940603930046], [720575940635254117, 720575940622318599, 720575940623759248, 720575940603930046], [720575940635254117, 720575940622318599, 720575940628115756, 720575940603930046], [720575940635254117, 720575940622318599, 720575940615308729, 720575940603930046], [720575940635254117, 720575940622318599, 720575940636492358, 720575940603930046], [720575940635254117, 720575940622318599, 720575940622919655, 720575940603930046], [720575940635254117, 720575940639298237, 720575940631706107, 720575940603930046], [720575940635254117, 720575940639298237, 720575940613527618, 720575940603930046], [720575940635254117, 720575940639298237, 720575940619201403, 720575940603930046], [720575940635254117, 720575940646521198, 720575940642943176, 720575940603930046], [720575940635254117, 720575940646521198, 720575940629584887, 720575940603930046], [720575940635254117, 720575940646521198, 720575940631706107, 720575940603930046], [720575940635254117, 720575940646521198, 720575940615541810, 720575940603930046], [720575940635254117, 720575940646521198, 720575940622188568, 720575940603930046], [720575940635254117, 720575940646521198, 720575940627221416, 720575940603930046], [720575940635254117, 720575940646521198, 720575940627585874, 720575940603930046], [720575940635254117, 720575940647075619, 720575940631706107, 720575940603930046], [720575940635254117, 720575940635179359, 720575940625460632, 720575940603930046], [720575940635254117, 720575940635179359, 720575940632516367, 720575940603930046], [720575940635254117, 720575940635179359, 720575940613118826, 720575940603930046], [720575940635254117, 720575940627490459, 720575940615541810, 720575940603930046], [720575940635254117, 720575940627490459, 720575940631706107, 720575940603930046], [720575940635254117, 720575940627454730, 720575940637569139, 720575940603930046], [720575940635254117, 720575940627454730, 720575940629201731, 720575940603930046], [720575940635254117, 720575940627454730, 720575940628115756, 720575940603930046], [720575940635254117, 720575940627454730, 720575940627221416, 720575940603930046], [720575940635254117, 720575940627454730, 720575940615503249, 720575940603930046], [720575940635254117, 720575940627454730, 720575940620455616, 720575940603930046], [720575940635254117, 720575940627454730, 720575940637317198, 720575940603930046], [720575940635254117, 720575940627454730, 720575940646032931, 720575940603930046], [720575940635254117, 720575940627454730, 720575940634341587, 720575940603930046], [720575940635254117, 720575940627454730, 720575940616738390, 720575940603930046], [720575940635254117, 720575940627454730, 720575940622919655, 720575940603930046], [720575940635254117, 720575940627454730, 720575940642943176, 720575940603930046], [720575940635254117, 720575940627454730, 720575940613527618, 720575940603930046], [720575940635254117, 720575940627454730, 720575940623759248, 720575940603930046], [720575940635254117, 720575940625355920, 720575940611904296, 720575940603930046], [720575940635254117, 720575940621875821, 720575940631706107, 720575940603930046], [720575940635254117, 720575940624538599, 720575940633803676, 720575940603930046]]"
