condition,date,expNumber,trace,negative_idx,positive_idx,negative_time_ms,positive_time_ms,negative_position_deg,positive_position_deg,negative_magnitude_deg,positive_magnitude_deg,negative_to_positive_change_deg,final_idx,final_time_ms,final_position_deg,final_distance_from_baseline_deg
antennae free – quiescence,2024_09_27,1,0,16,29,160,290,-7.176315789473682,7.071052631578947,7.176315789473682,7.071052631578947,14.247368421052629,57,570,0.644736842105263,0.644736842105263
antennae free – quiescence,2024_10_03,1,1,17,56,170,560,-6.2666666666666675,-0.31666666666666643,6.2666666666666675,-0.31666666666666643,5.950000000000001,57,570,-0.316666666666667,0.316666666666667
antennae free – quiescence,2024_10_17,1,2,19,56,190,560,-6.693750000000001,-0.2812500000000009,6.693750000000001,-0.2812500000000009,6.4125000000000005,57,570,-0.3187500000000014,0.3187500000000014
antennae free – quiescence,2024_10_22,1,3,21,57,210,570,-5.5807692307692305,-1.9115384615384619,5.5807692307692305,-1.9115384615384619,3.6692307692307686,57,570,-1.9115384615384619,1.9115384615384619
antennae free – quiescence,2024_10_22,3,4,21,43,210,430,-8.18,0.43999999999999995,8.18,0.43999999999999995,8.62,57,570,-1.2100000000000004,1.2100000000000004
antennae free – quiescence,2024_10_23,1,5,24,35,240,350,-7.8775,0.87125,7.8775,0.87125,8.748750000000001,57,570,-0.6500000000000001,0.6500000000000001
antennae free – quiescence,2024_10_24,2,6,23,32,230,320,-8.58405797101449,-0.5471014492753623,8.58405797101449,-0.5471014492753623,8.036956521739128,57,570,-1.3905797101449278,1.3905797101449278
antennae free – quiescence,2024_10_25,1,7,24,34,240,340,-6.0874999999999995,3.88,6.0874999999999995,3.88,9.9675,57,570,-0.88,0.88
antennae free – quiescence,2025_02_06,1,8,22,32,220,320,-9.475,4.6,9.475,4.6,14.075,57,570,0.6750000000000005,0.6750000000000005
antennae free – quiescence,2025_02_18,2,9,25,31,250,310,-6.575000000000001,5.225000000000001,6.575000000000001,5.225000000000001,11.800000000000002,57,570,-0.024999999999999467,0.024999999999999467
antennae free – quiescence,2025_02_19,3,10,21,31,210,310,-27.775,6.699999999999999,27.775,6.699999999999999,34.474999999999994,57,570,0.6124999999999997,0.6124999999999997
antennae free – quiescence,2025_02_20,1,11,21,33,210,330,-13.583333333333329,3.2769230769230764,13.583333333333329,3.2769230769230764,16.860256410256405,57,570,-0.5217948717948718,0.5217948717948718
antennae free – flight,2024_09_27,1,0,17,28,170,280,-11.121428571428572,10.964285714285714,11.121428571428572,10.964285714285714,22.085714285714285,57,570,2.535714285714285,2.535714285714285
antennae free – flight,2024_10_03,1,1,26,57,260,570,-6.705263157894737,-0.965789473684211,6.705263157894737,-0.965789473684211,5.739473684210526,57,570,-0.965789473684211,0.965789473684211
antennae free – flight,2024_10_17,1,2,26,57,260,570,-8.28,-0.5799999999999997,8.28,-0.5799999999999997,7.699999999999999,57,570,-0.5799999999999997,0.5799999999999997
antennae free – flight,2024_10_22,1,3,21,35,210,350,-5.52142857142857,1.6628571428571426,5.52142857142857,1.6628571428571426,7.184285714285712,57,570,0.9057142857142854,0.9057142857142854
antennae free – flight,2024_10_22,3,4,18,41,180,410,-8.304545454545453,3.2727272727272725,8.304545454545453,3.2727272727272725,11.577272727272724,57,570,-0.39090909090909076,0.39090909090909076
antennae free – flight,2024_10_23,1,5,23,36,230,360,-10.675,5.5,10.675,5.5,16.175,57,570,-0.22500000000000042,0.22500000000000042
antennae free – flight,2024_10_24,2,6,24,37,240,370,-8.63125,4.3875,8.63125,4.3875,13.01875,57,570,1.9812499999999997,1.9812499999999997
antennae free – flight,2024_10_25,1,7,18,37,180,370,-6.890909090909091,6.731818181818183,6.890909090909091,6.731818181818183,13.622727272727275,57,570,3.8249999999999997,3.8249999999999997
antennae free – flight,2025_02_06,1,8,22,31,220,310,-10.5734375,5.5874999999999995,10.5734375,5.5874999999999995,16.1609375,57,570,0.33593750000000006,0.33593750000000006
antennae free – flight,2025_02_18,2,9,22,33,220,330,-12.548484848484847,9.974242424242423,12.548484848484847,9.974242424242423,22.52272727272727,57,570,5.431818181818182,5.431818181818182
antennae free – flight,2025_02_19,3,10,21,33,210,330,-21.524418604651167,7.563953488372094,21.524418604651167,7.563953488372094,29.08837209302326,57,570,0.6418604651162791,0.6418604651162791
antennae free – flight,2025_02_20,1,11,21,34,210,340,-14.592857142857142,7.050000000000001,14.592857142857142,7.050000000000001,21.642857142857142,57,570,-3.2642857142857147,3.2642857142857147
antennae glued – quiescence,2025_01_13,1,0,23,57,230,570,-8.125609756097562,-0.5463414634146341,8.125609756097562,-0.5463414634146341,7.5792682926829285,57,570,-0.5463414634146341,0.5463414634146341
antennae glued – quiescence,2025_01_13,2,1,23,34,230,340,-8.194444444444445,0.5925925925925932,8.194444444444445,0.5925925925925932,8.787037037037038,57,570,-0.0722222222222218,0.0722222222222218
antennae glued – quiescence,2025_01_13,3,2,24,38,240,380,-7.483333333333332,-0.1555555555555556,7.483333333333332,-0.1555555555555556,7.327777777777776,57,570,-0.5111111111111104,0.5111111111111104
antennae glued – quiescence,2025_01_13,4,3,22,40,220,400,-17.489130434782606,3.3500000000000014,17.489130434782606,3.3500000000000014,20.839130434782607,57,570,1.684782608695652,1.684782608695652
antennae glued – quiescence,2025_01_28,1,4,21,38,210,380,-18.76666666666667,5.016666666666666,18.76666666666667,5.016666666666666,23.783333333333335,57,570,2.075,2.075
antennae glued – quiescence,2025_01_29,1,5,19,57,190,570,-10.33,0.7550000000000002,10.33,0.7550000000000002,11.085,57,570,0.7550000000000002,0.7550000000000002
antennae glued – quiescence,2025_01_31,1,6,22,37,220,370,-19.08235294117647,4.2705882352941185,19.08235294117647,4.2705882352941185,23.352941176470587,57,570,2.276470588235294,2.276470588235294
antennae glued – quiescence,2025_01_31,2,7,22,37,220,370,-19.47,4.3999999999999995,19.47,4.3999999999999995,23.869999999999997,57,570,2.92,2.92
antennae glued – quiescence,2025_01_31,3,8,21,57,210,570,-15.265000000000002,6.0200000000000005,15.265000000000002,6.0200000000000005,21.285000000000004,57,570,6.0200000000000005,6.0200000000000005
antennae glued – quiescence,2025_01_31,4,9,20,50,200,500,-11.439215686274508,0.35882352941176465,11.439215686274508,0.35882352941176465,11.798039215686273,57,570,-0.48039215686274517,0.48039215686274517
antennae glued – quiescence,2025_02_04,1,10,21,57,210,570,-13.669354838709676,-0.1338709677419354,13.669354838709676,-0.1338709677419354,13.535483870967742,57,570,-0.1338709677419354,0.1338709677419354
antennae glued – quiescence,2025_02_04,2,11,22,29,220,290,-13.015789473684212,-0.21842105263157943,13.015789473684212,-0.21842105263157943,12.797368421052632,57,570,-0.513157894736842,0.513157894736842
antennae glued – quiescence,2025_02_13,1,12,20,31,200,310,-15.111538461538462,2.2276923076923074,15.111538461538462,2.2276923076923074,17.33923076923077,57,570,-0.2515384615384616,0.2515384615384616
antennae glued – quiescence,2025_02_13,2,13,20,40,200,400,-19.087500000000002,10.364583333333334,19.087500000000002,10.364583333333334,29.452083333333334,57,570,8.522916666666667,8.522916666666667
antennae glued – quiescence,2025_02_13,3,14,21,32,210,320,-13.00217391304348,2.66304347826087,13.00217391304348,2.66304347826087,15.665217391304349,57,570,1.0608695652173912,1.0608695652173912
antennae glued – quiescence,2025_02_14,1,15,24,40,240,400,-17.45,12.549999999999999,17.45,12.549999999999999,30.0,57,570,7.65,7.65
antennae glued – quiescence,2025_02_14,3,16,21,55,210,550,-15.533333333333335,8.633333333333333,15.533333333333335,8.633333333333333,24.166666666666668,57,570,8.399999999999999,8.399999999999999
antennae glued – flight,2025_01_13,1,0,22,37,220,370,-8.465625,0.23437499999999967,8.465625,0.23437499999999967,8.7,57,570,-0.1812499999999998,0.1812499999999998
antennae glued – flight,2025_01_13,2,1,22,35,220,350,-6.466666666666667,1.5999999999999992,6.466666666666667,1.5999999999999992,8.066666666666666,57,570,-0.5888888888888895,0.5888888888888895
antennae glued – flight,2025_01_13,3,2,22,38,220,380,-6.845652173913045,-0.43260869565217375,6.845652173913045,-0.43260869565217375,6.413043478260871,57,570,-0.6717391304347828,0.6717391304347828
antennae glued – flight,2025_01_13,4,3,22,54,220,540,-18.326470588235292,11.235294117647058,18.326470588235292,11.235294117647058,29.56176470588235,57,570,11.205882352941174,11.205882352941174
antennae glued – flight,2025_01_28,1,4,22,36,220,360,-16.975454545454546,7.151818181818182,16.975454545454546,7.151818181818182,24.12727272727273,57,570,4.6072727272727265,4.6072727272727265
antennae glued – flight,2025_01_29,1,5,22,32,220,320,-10.670588235294119,2.458823529411765,10.670588235294119,2.458823529411765,13.129411764705884,57,570,1.0588235294117647,1.0588235294117647
antennae glued – flight,2025_01_31,1,6,22,53,220,530,-19.729166666666668,9.591666666666669,19.729166666666668,9.591666666666669,29.320833333333336,57,570,8.766666666666667,8.766666666666667
antennae glued – flight,2025_01_31,2,7,21,38,210,380,-20.9375,4.496875,20.9375,4.496875,25.434375,57,570,3.59375,3.59375
antennae glued – flight,2025_01_31,3,8,21,56,210,560,-17.84888888888889,10.105555555555556,17.84888888888889,10.105555555555556,27.954444444444448,57,570,10.09888888888889,10.09888888888889
antennae glued – flight,2025_01_31,4,9,22,54,220,540,-14.235714285714286,10.414285714285715,14.235714285714286,10.414285714285715,24.65,57,570,10.064285714285717,10.064285714285717
antennae glued – flight,2025_02_04,1,10,18,35,180,350,-17.29,8.73,17.29,8.73,26.02,57,570,5.539999999999999,5.539999999999999
antennae glued – flight,2025_02_04,2,11,18,28,180,280,-13.850000000000001,2.249999999999999,13.850000000000001,2.249999999999999,16.1,57,570,-0.1750000000000007,0.1750000000000007
antennae glued – flight,2025_02_13,1,12,18,54,180,540,-17.75,11.625000000000002,17.75,11.625000000000002,29.375,57,570,11.15,11.15
antennae glued – flight,2025_02_13,2,13,21,34,210,340,-17.807500000000008,7.232499999999999,17.807500000000008,7.232499999999999,25.040000000000006,57,570,4.945,4.945
antennae glued – flight,2025_02_13,3,14,22,30,220,300,-13.503846153846155,6.338461538461537,13.503846153846155,6.338461538461537,19.842307692307692,57,570,2.3423076923076924,2.3423076923076924
antennae glued – flight,2025_02_14,1,15,22,47,220,470,-19.317647058823525,13.752941176470587,19.317647058823525,13.752941176470587,33.07058823529411,57,570,13.15294117647059,13.15294117647059
antennae glued – flight,2025_02_14,3,16,21,53,210,530,-17.758333333333336,14.027777777777779,17.758333333333336,14.027777777777779,31.786111111111115,57,570,14.0,14.0
